Workbook

Sheet Prices
A1: Dates | B1: US Real Estate | C1: DAX | D1: Crop | E1: SP 500 | F1: IBEX | G1: MSCI Em. Mkt. | H1: ATX | I1: AEX | J1: Platinum | K1: Hang Seng | L1: Russel 2000 | M1: Silver | N1: SMI | O1: Nikkei | P1: ASX | Q1: Gold | R1: US Treasury | S1: FTSE MIB | T1: CAC | U1: Nasdaq | V1: WTI | W1: Eurozone Bonds | X1: FTSE 100
A2: 40186 | B2: 44.57 | C2: 6037.61 | D2: 423 | E2: 1144.98 | F2: 12163 | G2: 1016.41 | H2: 2588.49 | I2: 341.94 | J2: 1564.6 | K2: 22296.75 | L2: 644.558 | M2: 18.4875 | N2: 6617.88 | O2: 10654.79 | P2: 4912.131 | Q2: 1138.23 | R2: 164.97 | S2: 23811.13 | T2: 4045.14 | U2: 1892.59 | V2: 82.75 | W2: 101.97 | X2: 5534.24
A3: 40193 | B3: 44.59 | C3: 5875.97 | D3: 371.5 | E3: 1136.03 | F3: 11845 | G3: 1010.77 | H3: 2688.46 | I3: 337.99 | J3: 1591.4 | K3: 21654.16 | L3: 637.961 | M3: 18.4075 | N3: 6576.02 | O3: 10798.32 | P3: 4899.591 | Q3: 1130.93 | R3: 167.26 | S3: 23472.11 | T3: 3954.38 | U3: 1864.52 | V3: 78 | W3: 102.19 | X3: 5455.37
A4: 40200 | B4: 42.6 | C4: 5695.32 | D4: 364.75 | E4: 1091.76 | F4: 11373.4 | G4: 963.85 | H4: 2581.01 | I4: 329.48 | J4: 1536.4 | K4: 20726.18 | L4: 617.124 | M4: 17.0325 | N4: 6493.96 | O4: 10982.1 | P4: 4750.613 | Q4: 1093.23 | R4: 168.18 | S4: 22567.81 | T4: 3820.78 | U4: 1794.82 | V4: 74.54 | W4: 102.18 | X4: 5302.99
A5: 40207 | B5: 42.27 | C5: 5608.79 | D5: 356.5 | E5: 1073.87 | F5: 10947.7 | G5: 933.59 | H5: 2493.53 | I5: 327.9 | J5: 1506 | K5: 20121.99 | L5: 602.035 | M5: 16.21 | N5: 6440.72 | O5: 10590.55 | P5: 4569.619 | Q5: 1081.2 | R5: 167.92 | S5: 21896.29 | T5: 3739.46 | U5: 1741.04 | V5: 72.89 | W5: 102.18 | X5: 5188.52
A6: 40214 | B6: 42.09 | C6: 5434.34 | D6: 351.5 | E6: 1066.19 | F6: 10103.3 | G6: 897.7 | H6: 2392.69 | I6: 315.04 | J6: 1475.1 | K6: 19665.08 | L6: 592.982 | M6: 15.165 | N6: 6264.33 | O6: 10198.04 | P6: 4514.062 | Q6: 1066.25 | R6: 168.96 | S6: 20815.88 | T6: 3563.76 | U6: 1746.12 | V6: 71.19 | W6: 102.62 | X6: 5060.92
A7: 40221 | B7: 42 | C7: 5500.39 | D7: 361.5 | E7: 1075.51 | F7: 10224.9 | G7: 921.75 | H7: 2449.57 | I7: 315.74 | J7: 1511.1 | K7: 20268.69 | L7: 610.723 | M7: 15.53 | N7: 6416.2 | O7: 10057.09 | P7: 4562.092 | Q7: 1097.1 | R7: 168.1 | S7: 21035.91 | T7: 3599.07 | U7: 1779.11 | V7: 74.13 | W7: 102.87 | X7: 5142.45
A8: 40228 | B8: 44.26 | C8: 5722.05 | D8: 360 | E8: 1109.17 | F8: 10676.7 | G8: 933.35 | H8: 2573.19 | I8: 325.6 | J8: 1543.6 | K8: 19894.02 | L8: 631.618 | M8: 16.315 | N8: 6709.68 | O8: 10092.19 | P8: 4635.064 | Q8: 1119.2 | R8: 166.58 | S8: 21772.33 | T8: 3769.54 | U8: 1823.32 | V8: 79.81 | W8: 102.54 | X8: 5358.17
A9: 40235 | B9: 44.63 | C9: 5598.46 | D9: 378 | E9: 1104.49 | F9: 10333.6 | G9: 935.93 | H9: 2438.95 | I9: 317.74 | J9: 1539.9 | K9: 20608.7 | L9: 628.559 | M9: 16.475 | N9: 6710.99 | O9: 10123.58 | P9: 4637.717 | Q9: 1117.59 | R9: 168.97 | S9: 21068.32 | T9: 3708.8 | U9: 1818.68 | V9: 79.66 | W9: 103.3 | X9: 5354.52
A10: 40242 | B10: 46.42 | C10: 5877.36 | D10: 364.75 | E10: 1138.7 | F10: 11019.8 | G10: 974.92 | H10: 2455.78 | I10: 338.68 | J10: 1579.1 | K10: 20787.97 | L10: 666.019 | M10: 17.355 | N10: 6847.78 | O10: 10126.03 | P10: 4767.239 | Q10: 1134.9 | R10: 168.33 | S10: 22278.12 | T10: 3910.42 | U10: 1888.56 | V10: 81.5 | W10: 103.45 | X10: 5599.76
A11: 40249 | B11: 48.08 | C11: 5945.11 | D11: 354 | E11: 1149.99 | F11: 11077 | G11: 992.68 | H11: 2538.39 | I11: 339.57 | J11: 1608.4 | K11: 21209.74 | L11: 676.585 | M11: 17.065 | N11: 6836.6 | O11: 10368.96 | P11: 4818.121 | Q11: 1101.85 | R11: 168.11 | S11: 22565.19 | T11: 3927.4 | U11: 1924.43 | V11: 81.24 | W11: 103.43 | X11: 5625.65
A12: 40256 | B12: 49.05 | C12: 5982.43 | D12: 374.5 | E12: 1159.9 | F12: 10990.8 | G12: 997.94 | H12: 2578 | I12: 338.65 | J12: 1608.6 | K12: 21370.82 | L12: 673.89 | M12: 16.985 | N12: 6880.76 | O12: 10751.26 | P12: 4872.233 | Q12: 1107.05 | R12: 169.08 | S12: 22687.3 | T12: 3925.44 | U12: 1932.43 | V12: 80.68 | W12: 103.58 | X12: 5650.12
A13: 40263 | B13: 49.29 | C13: 6120.05 | D13: 356.25 | E13: 1166.59 | F13: 11071.1 | G13: 993.08 | H13: 2630.32 | I13: 343.81 | J13: 1596 | K13: 21053.11 | L13: 678.969 | M13: 16.895 | N13: 6838.95 | O13: 10824.72 | P13: 4896.893 | Q13: 1107.25 | R13: 166.75 | S13: 23063.87 | T13: 3988.93 | U13: 1952.63 | V13: 80 | W13: 103.76 | X13: 5703.02
... A580: 44232 | B580: 88.11 | C580: 14056.72 | D580: 548.5 | E580: 3886.83 | F580: 8214.7 | G580: 1395.35 | H580: 3015.14 | I580: 653.24 | J580: 1133 | K580: 29288.68 | L580: 2233.327 | M580: 26.9205 | N580: 10755.47 | O580: 28779.19 | P580: 6840.531 | Q580: 1814.11 | R580: 216.08 | S580: 23083.42 | T580: 5659.26 | U580: 13603.96 | V580: 56.85 | W580: 134.255 | X580: 6489.33

Sheet Returns
A1: Dates | B1: US Real Estate | C1: DAX | D1: Crop | E1: SP 500 | F1: IBEX | G1: MSCI Em. Mkt. | H1: ATX | I1: AEX | J1: Platinum | K1: Hang Seng | L1: Russel 2000 | M1: Silver | N1: SMI | O1: Nikkei | P1: ASX | Q1: Gold | R1: US Treasury | S1: FTSE MIB | T1: CAC | U1: Nasdaq | V1: WTI | W1: Eurozone Bonds | X1: FTSE 100
A2: =+Prices!A3 -> 40193 | B2: =+(Prices!B3/Prices!B2)-1 -> 0.00044873233 | C2: =+(Prices!C3/Prices!C2)-1 -> -0.026772183 | D2: =+(Prices!D3/Prices!D2)-1 -> -0.12174941 | E2: =+(Prices!E3/Prices!E2)-1 -> -0.0078167304 | F2: =+(Prices!F3/Prices!F2)-1 -> -0.026144866 | G2: =+(Prices!G3/Prices!G2)-1 -> -0.0055489419 | H2: =+(Prices!H3/Prices!H2)-1 -> 0.038620972 | I2: =+(Prices!I3/Prices!I2)-1 -> -0.011551734 | ... X2: =+(Prices!X3/Prices!X2)-1 -> -0.014251279
A3: =+Prices!A4 -> 40200 | B3: =+(Prices!B4/Prices!B3)-1 -> -0.044628841 | C3: =+(Prices!C4/Prices!C3)-1 -> -0.03074386 | D3: =+(Prices!D4/Prices!D3)-1 -> -0.018169583 | E3: =+(Prices!E4/Prices!E3)-1 -> -0.038969041 | F3: =+(Prices!F4/Prices!F3)-1 -> -0.039814268 | G3: =+(Prices!G4/Prices!G3)-1 -> -0.046420056 | H3: =+(Prices!H4/Prices!H3)-1 -> -0.039967119 | I3: =+(Prices!I4/Prices!I3)-1 -> -0.02517826 | ... X3: =+(Prices!X4/Prices!X3)-1 -> -0.027932111
A4: =+Prices!A5 -> 40207 | B4: =+(Prices!B5/Prices!B4)-1 -> -0.0077464789 | C4: =+(Prices!C5/Prices!C4)-1 -> -0.015193176 | D4: =+(Prices!D5/Prices!D4)-1 -> -0.022618232 | E4: =+(Prices!E5/Prices!E4)-1 -> -0.016386385 | F4: =+(Prices!F5/Prices!F4)-1 -> -0.037429441 | G4: =+(Prices!G5/Prices!G4)-1 -> -0.031394927 | H4: =+(Prices!H5/Prices!H4)-1 -> -0.033893708 | I4: =+(Prices!I5/Prices!I4)-1 -> -0.0047954352 | ... X4: =+(Prices!X5/Prices!X4)-1 -> -0.021585935
A5: =+Prices!A6 -> 40214 | B5: =+(Prices!B6/Prices!B5)-1 -> -0.0042583392 | C5: =+(Prices!C6/Prices!C5)-1 -> -0.031102965 | D5: =+(Prices!D6/Prices!D5)-1 -> -0.014025245 | E5: =+(Prices!E6/Prices!E5)-1 -> -0.0071517037 | F5: =+(Prices!F6/Prices!F5)-1 -> -0.077130356 | G5: =+(Prices!G6/Prices!G5)-1 -> -0.038443 | H5: =+(Prices!H6/Prices!H5)-1 -> -0.04044066 | I5: =+(Prices!I6/Prices!I5)-1 -> -0.039219274 | ... X5: =+(Prices!X6/Prices!X5)-1 -> -0.024592755
A6: =+Prices!A7 -> 40221 | B6: =+(Prices!B7/Prices!B6)-1 -> -0.0021382751 | C6: =+(Prices!C7/Prices!C6)-1 -> 0.01215419 | D6: =+(Prices!D7/Prices!D6)-1 -> 0.028449502 | E6: =+(Prices!E7/Prices!E6)-1 -> 0.0087414063 | F6: =+(Prices!F7/Prices!F6)-1 -> 0.012035672 | G6: =+(Prices!G7/Prices!G6)-1 -> 0.026790687 | H6: =+(Prices!H7/Prices!H6)-1 -> 0.023772407 | I6: =+(Prices!I7/Prices!I6)-1 -> 0.0022219401 | ... X6: =+(Prices!X7/Prices!X6)-1 -> 0.016109719
A7: =+Prices!A8 -> 40228 | B7: =+(Prices!B8/Prices!B7)-1 -> 0.053809524 | C7: =+(Prices!C8/Prices!C7)-1 -> 0.040298961 | D7: =+(Prices!D8/Prices!D7)-1 -> -0.0041493776 | E7: =+(Prices!E8/Prices!E7)-1 -> 0.03129678 | F7: =+(Prices!F8/Prices!F7)-1 -> 0.044186251 | G7: =+(Prices!G8/Prices!G7)-1 -> 0.012584757 | H7: =+(Prices!H8/Prices!H7)-1 -> 0.050466 | I7: =+(Prices!I8/Prices!I7)-1 -> 0.031228226 | ... X7: =+(Prices!X8/Prices!X7)-1 -> 0.041948877
A8: =+Prices!A9 -> 40235 | B8: =+(Prices!B9/Prices!B8)-1 -> 0.0083596927 | C8: =+(Prices!C9/Prices!C8)-1 -> -0.021598902 | D8: =+(Prices!D9/Prices!D8)-1 -> 0.05 | E8: =+(Prices!E9/Prices!E8)-1 -> -0.0042193712 | F8: =+(Prices!F9/Prices!F8)-1 -> -0.032135398 | G8: =+(Prices!G9/Prices!G8)-1 -> 0.0027642364 | H8: =+(Prices!H9/Prices!H8)-1 -> -0.052168709 | I8: =+(Prices!I9/Prices!I8)-1 -> -0.024140049 | ... X8: =+(Prices!X9/Prices!X8)-1 -> -0.00068120272
A9: =+Prices!A10 -> 40242 | B9: =+(Prices!B10/Prices!B9)-1 -> 0.040107551 | C9: =+(Prices!C10/Prices!C9)-1 -> 0.049817271 | D9: =+(Prices!D10/Prices!D9)-1 -> -0.03505291 | E9: =+(Prices!E10/Prices!E9)-1 -> 0.030973572 | F9: =+(Prices!F10/Prices!F9)-1 -> 0.066404738 | G9: =+(Prices!G10/Prices!G9)-1 -> 0.041659098 | H9: =+(Prices!H10/Prices!H9)-1 -> 0.0069005105 | I9: =+(Prices!I10/Prices!I9)-1 -> 0.06590294 | ... X9: =+(Prices!X10/Prices!X9)-1 -> 0.045800557
A10: =+Prices!A11 -> 40249 | B10: =+(Prices!B11/Prices!B10)-1 -> 0.035760448 | C10: =+(Prices!C11/Prices!C10)-1 -> 0.011527284 | D10: =+(Prices!D11/Prices!D10)-1 -> -0.029472241 | E10: =+(Prices!E11/Prices!E10)-1 -> 0.0099148151 | F10: =+(Prices!F11/Prices!F10)-1 -> 0.0051906568 | G10: =+(Prices!G11/Prices!G10)-1 -> 0.018216879 | H10: =+(Prices!H11/Prices!H10)-1 -> 0.033639007 | I10: =+(Prices!I11/Prices!I10)-1 -> 0.0026278493 | ... X10: =+(Prices!X11/Prices!X10)-1 -> 0.0046234124
A11: =+Prices!A12 -> 40256 | B11: =+(Prices!B12/Prices!B11)-1 -> 0.020174709 | C11: =+(Prices!C12/Prices!C11)-1 -> 0.006277428 | D11: =+(Prices!D12/Prices!D11)-1 -> 0.057909605 | E11: =+(Prices!E12/Prices!E11)-1 -> 0.0086174662 | F11: =+(Prices!F12/Prices!F11)-1 -> -0.0077818904 | G11: =+(Prices!G12/Prices!G11)-1 -> 0.0052987871 | H11: =+(Prices!H12/Prices!H11)-1 -> 0.015604379 | I11: =+(Prices!I12/Prices!I11)-1 -> -0.0027093088 | ... X11: =+(Prices!X12/Prices!X11)-1 -> 0.0043497196
A12: =+Prices!A13 -> 40263 | B12: =+(Prices!B13/Prices!B12)-1 -> 0.0048929664 | C12: =+(Prices!C13/Prices!C12)-1 -> 0.02300403 | D12: =+(Prices!D13/Prices!D12)-1 -> -0.048731642 | E12: =+(Prices!E13/Prices!E12)-1 -> 0.0057677386 | F12: =+(Prices!F13/Prices!F12)-1 -> 0.0073061106 | G12: =+(Prices!G13/Prices!G12)-1 -> -0.0048700323 | H12: =+(Prices!H13/Prices!H12)-1 -> 0.020294802 | I12: =+(Prices!I13/Prices!I12)-1 -> 0.01523697 | ... X12: =+(Prices!X13/Prices!X12)-1 -> 0.009362633
A13: =+Prices!A14 -> 40270 | B13: =+(Prices!B14/Prices!B13)-1 -> -0.0046662609 | C13: =+(Prices!C14/Prices!C13)-1 -> 0.018874029 | D13: =+(Prices!D14/Prices!D13)-1 -> -0.032982456 | E13: =+(Prices!E14/Prices!E13)-1 -> 0.0098663626 | F13: =+(Prices!F14/Prices!F13)-1 -> -0.00028904084 | G13: =+(Prices!G14/Prices!G13)-1 -> 0.035707093 | H13: =+(Prices!H14/Prices!H13)-1 -> 0.010637489 | I13: =+(Prices!I14/Prices!I13)-1 -> 0.02219249 | ... X13: =+(Prices!X14/Prices!X13)-1 -> 0.0073417242
... A579: =+Prices!A580 -> 44232 | B579: =+(Prices!B580/Prices!B579)-1 -> 0.037076271 | C579: =+(Prices!C580/Prices!C579)-1 -> 0.046442048 | D579: =+(Prices!D580/Prices!D579)-1 -> 0.0027422303 | E579: =+(Prices!E580/Prices!E579)-1 -> 0.04646711 | F579: =+(Prices!F580/Prices!F579)-1 -> 0.058936513 | G579: =+(Prices!G580/Prices!G579)-1 -> 0.049474642 | H579: =+(Prices!H580/Prices!H579)-1 -> 0.044121161 | I579: =+(Prices!I580/Prices!I579)-1 -> 0.025317449 | ... X579: =+(Prices!X580/Prices!X579)-1 -> 0.012777294
